{"count":1,"self":64.3354112,"total":65.185924599999993,"children":{"InitializeActuators":{"count":1,"self":0.0010106,"total":0.0010106,"children":null},"InitializeSensors":{"count":1,"self":0.0029757,"total":0.0029757,"children":null},"AgentSendState":{"count":3010,"self":0.027961999999999997,"total":0.0400793,"children":{"CollectObservations":{"count":602,"self":0.0030401,"total":0.0030401,"children":null},"WriteActionMask":{"count":602,"self":0.0010027999999999999,"total":0.0010027999999999999,"children":null},"RequestDecision":{"count":602,"self":0.0080743999999999989,"total":0.0080743999999999989,"children":null}}},"DecideAction":{"count":3010,"self":0.13397299999999998,"total":0.1364873,"children":{"RayPerceptionSensor.Perceive":{"count":602,"self":0.0025142999999999997,"total":0.0025142999999999997,"children":null}}},"AgentAct":{"count":3010,"self":0.66894959999999992,"total":0.66894959999999992,"children":null}},"gauges":{"ChasePlayer.CumulativeReward":{"count":8,"max":4.9804,"min":4.875799,"runningAverage":4.9349246,"value":4.91619968,"weightedAverage":4.92738771}},"metadata":{"timer_format_version":"0.1.0","start_time_seconds":"1744278827","unity_version":"6000.0.33f1","command_line_arguments":"C:\\Apps\\Unity\\6000.0.33f1\\Editor\\Unity.exe -projectpath C:\\Users\\breta\\Downloads\\GitRepos\\mla-unity-workshop -useHub -hubIPC -cloudEnvironment production","communication_protocol_version":"1.5.0","com.unity.ml-agents_version":"3.0.0","scene_name":"Training","end_time_seconds":"1744278893"}}